<?xml version="1.0" encoding="UTF-8"?>
<project-private xmlns="http://www.netbeans.org/ns/project-private/1">
    <editor-bookmarks xmlns="http://www.netbeans.org/ns/editor-bookmarks/2" lastBookmarkId="0"/>
    <open-files xmlns="http://www.netbeans.org/ns/projectui-open-files/2">
        <group>
            <file>file:/C:/Users/admin/Documents/App%20Record/fpt-learning/study-task-fptu/PRJ301/CrudFruit/web/includes/list_product.jsp</file>
            <file>file:/C:/Users/admin/Documents/App%20Record/fpt-learning/study-task-fptu/PRJ301/CrudFruit/src/java/Controller/ProductServlet.java</file>
            <file>file:/C:/Users/admin/Documents/App%20Record/fpt-learning/study-task-fptu/PRJ301/CrudFruit/web/includes/header.jsp</file>
            <file>file:/C:/Users/admin/Documents/App%20Record/fpt-learning/study-task-fptu/PRJ301/CrudFruit/src/java/Model/FruitDB.java</file>
            <file>file:/C:/Users/admin/Documents/App%20Record/fpt-learning/study-task-fptu/PRJ301/CrudFruit/web/edit_product.jsp</file>
        </group>
    </open-files>
</project-private>
